<?xml version="1.0" encoding="utf-8" ?>
<dwsync>
<file name="scripts.js" server="hundositebuilder.com" local="132141673200000000" remote="132209669400000000" Dst="1" />
<file name="block.js" server="hundositebuilder.com" local="132136746041320000" remote="132209670000000000" Dst="1" />
<file name="scripts.js" server="admin.hundositebuilder.com" local="132243595105690000" remote="132243774600000000" Dst="1" />
<file name="customizer-previewer.js" server="admin.hundositebuilder.com" local="132243606457780000" remote="132243786000000000" Dst="1" />
<file name="config.js" server="admin.hundositebuilder.com" local="132255210692840000" remote="132255390600000000" Dst="1" />
<file name="customizer.js" server="admin.hundositebuilder.com" local="132234699600000000" remote="132234699600000000" Dst="1" />
<file name="config.php" server="admin.hundositebuilder.com" local="132255216054970000" remote="132255396000000000" Dst="1" />
<file name="sidebarJson.php" server="admin.hundositebuilder.com" local="132256378232680000" remote="132256558200000000" Dst="1" />
</dwsync>